tokens,"stories15M, no_quantize, rv64gc","stories15M, quantize, rv64gc","stories15M, quantize, rv64gcv","stories15M, quantize, rv64gcv_vifmm"
119,,,,6
120,5,,,
125,,3,4,
131,,,,6
132,,5.333333333,5.333333333,
133,,4.333333333,4.166666667,
139,4,,,
141,,,,3.333333333
146,,,,4
147,,5.333333333,6,
152,,4,4,
153,4.333333333,,,5.5
154,,5,4,
155,,,,5
161,4.666666667,,,3
162,4,,,
163,,4,3,
164,,,,4
165,4,,,
166,3.333333333,,,
167,,3.666666667,3.666666667,
168,,3.333333333,3.166666667,
169,,4,3.333333333,4
170,,4,4,
171,,,,6.333333333
174,3,,,
175,,,,4.333333333
177,,3.333333333,3.333333333,3
178,,3,5,
179,,3.666666667,3.666666667,
180,,2.333333333,2.666666667,
182,4.5,4,4.5,3
184,,,,6
185,6.333333333,,,
186,6.666666667,3.333333333,3.333333333,
187,,,,5
189,2.333333333,4.666666667,5.666666667,
190,3.666666667,,,3
191,,2.333333333,3,
192,4.333333333,6,6,4.333333333
195,,,,3
196,2.333333333,,,
197,,,,3
198,4.444444444,5.5,5,
199,6,1.666666667,2.333333333,
202,5,,,3.333333333
203,,4,4,
204,4,,,4
207,,,,3.666666667
208,,4,4.666666667,4
209,2.333333333,,,5
210,,5,5,
211,,4.111111111,3.777777778,
212,,4.5,4.5,
213,4.666666667,3.333333333,3.333333333,
214,,4,4,4
215,4.333333333,,,2.333333333
217,,3,3,4
218,3.666666667,5.333333333,4.666666667,
219,,,,5
220,,,,4
221,,,,4.5
223,3.333333333,,,
228,,4,4,
229,,,,4
233,,3.833333333,3.833333333,
235,3.333333333,3.333333333,3.333333333,
237,,,,4.333333333
238,,3.333333333,3.333333333,
239,3,,,4
242,4,,,
243,7,2.333333333,2.333333333,
244,,,,4
250,3.666666667,,,4.666666667
252,3,,,
254,,3,2.666666667,
