tokens,"stories15M, no_quantize, rv64gc","stories15M, quantize, rv64gc","stories15M, quantize, rv64gcv","stories15M, quantize, rv64gcv_vifmm"
131,,,,4.0
133,,5.5,5.5,
141,,,,3.0
146,,,,3.0
152,,4.0,4.0,
153,,,,7.0
155,,,,5.0
161,4.0,,,3.3333333333333335
162,3.0,,,
165,4.0,,,
166,4.666666666666666,,,
167,,3.666666666666667,3.666666666666667,
169,,,,4.0
171,,,,5.333333333333333
177,,4.333333333333333,3.3333333333333335,
182,4.0,4.0,4.0,2.666666666666667
186,7.0,,,
189,,6.333333333333333,6.0,
190,4.333333333333333,,,
191,,2.3333333333333335,2.3333333333333335,
192,5.333333333333333,5.0,5.0,4.333333333333333
195,,,,3.0
197,,,,2.3333333333333335
198,4.0,,,
199,,2.3333333333333335,2.3333333333333335,
202,5.0,,,
203,,4.0,5.0,
204,7.0,,,
207,,,,4.0
210,,5.0,5.0,
211,,4.166666666666666,4.166666666666666,
212,,4.0,4.0,
213,4.5,,,
214,,4.0,4.0,4.0
215,6.333333333333333,,,3.0
217,,3.0,3.0,
218,,6.0,5.333333333333333,
220,,,,4.333333333333333
221,,,,6.166666666666666
223,4.333333333333333,,,
228,,4.333333333333333,4.333333333333333,
233,,3.6666666666666665,3.6666666666666665,
235,,4.0,4.0,
242,5.333333333333333,,,
243,6.333333333333333,,,
244,,,,3.0
250,3.0,,,
254,,3.0,3.0,
255,3.625,4.090909090909091,4.151515151515151,3.7777777777777777
