tokens,"stories15M, no_quantize, rv64gc","stories15M, quantize, rv64gc","stories15M, quantize, rv64gcv","stories15M, quantize, rv64gcv_vifmm"
131,,,,5.338538
133,,1.014088,5.1435205,
135,1.283568,1.012901,5.116759,5.330112
141,,,,5.311692
143,1.282447,1.012194,5.098861,5.310546
146,,,,5.29608
151,1.281318,1.011487,5.080992,5.290978
152,,1.011994,5.090929,
153,,,,5.281741
155,,,,5.282065
159,1.280199,1.010783,5.063313,5.271549
161,1.279775,,,5.267936
162,1.280044,,,
165,1.27963,,,
166,1.279509,,,
167,1.279083,1.010279,5.049343,5.252514
169,,,,5.239752
171,,,,5.242465
175,1.277961,1.009377,5.028301,5.233628
177,,1.009858,5.038986,
181,,,,5.21957875
182,1.276498,1.009063,5.017631,5.2076385
183,1.276826,1.008673,5.010905,
186,1.276415,,,
189,,1.008774,5.011189,
190,1.276123,,,
191,1.275714,1.007993,4.9928135,
192,1.275966,1.008318,5.000267,5.185082
195,,,,5.173171
197,,,,5.165725
198,1.274739,,,
199,1.274591,1.007039,4.969721,
202,1.274266,,,
203,,1.007282,4.975096,
204,1.274346,,,
207,1.273474,1.006556,4.959112,5.150725
210,,1.006413,4.952546,
211,,1.00668,4.9594485,
212,,1.006137,4.946213,
213,1.2724795,,,
214,,1.006317,4.950572,5.128222
215,1.272414,,,5.116444
217,,1.005979,4.94242,
218,,1.006034,4.94427,
220,,,,5.122416
221,,,,5.117937
223,1.271059,,,
228,,1.005017,4.919658,
233,,1.004318,4.902862,
235,,1.004153,4.900152,
242,1.268747,,,
243,1.268568,,,
244,,,,5.066341
250,1.266507,,,
254,,1.001511,4.836155,
255,1.266465188,1.002671364,4.864006273,5.0343828
