tokens,"stories15M, no_quantize, rv64gc","stories15M, quantize, rv64gc","stories15M, quantize, rv64gcv","stories15M, quantize, rv64gcv_vifmm"
131,,,,5.338538
133,,1.014088,5.1435205,
141,,,,5.311692
146,,,,5.29608
152,,1.011994,5.090929,
153,,,,5.281741
155,,,,5.282065
161,1.279775,,,5.267936
162,1.280044,,,
165,1.27963,,,
166,1.279509,,,
167,,1.0103775000000002,5.05112,
169,,,,5.239752
171,,,,5.242465
177,,1.009858,5.038986,
182,1.276498,1.009063,5.017631,5.2076385
186,1.276415,,,
189,,1.008774,5.011189,
190,1.276123,,,
191,,1.008021,4.992132,
192,1.275966,1.008318,5.000267,5.185082
195,,,,5.173171
197,,,,5.165725
198,1.274739,,,
199,,1.006817,4.963144,
202,1.274266,,,
203,,1.007282,4.975096,
204,1.274346,,,
207,,,,5.150725
210,,1.006413,4.952546,
211,,1.00668,4.959448500000001,
212,,1.006137,4.946213,
213,1.2724795,,,
214,,1.006317,4.950572,5.128222
215,1.272414,,,5.116444
217,,1.005979,4.94242,
218,,1.006034,4.94427,
220,,,,5.122416
221,,,,5.1179369999999995
223,1.271059,,,
228,,1.005017,4.919658,
233,,1.004318,4.902862,
235,,1.004153,4.900152,
242,1.268747,,,
243,1.268568,,,
244,,,,5.066341
250,1.266507,,,
254,,1.001511,4.836155,
255,1.2664651875,1.0026713636363636,4.864006272727273,5.0343828
