token_num,"stories15M, no_quantize, rv64gc","stories15M, quantize, rv64gc","stories260K, no_quantize, rv64gc","stories260K, quantize, rv64gc"
8,1.302264,1.024606,71.956326,60.718921
16,1.300959,1.02378,70.870929,59.960996
24,1.299751,1.02302,69.865958,59.250236
32,1.298543,1.022276,68.900832,58.559376
40,1.297319,1.021507,67.95589,57.878456
48,1.296132,1.020767,67.031099,57.210731
56,1.294981,1.020049,66.126744,56.5547
64,1.293829,1.019329,65.255303,55.911685
72,1.292689,1.018613,64.399884,55.283233
80,1.291546,1.017896,63.563574,54.664272
88,1.290408,1.017186,62.742036,54.053046
96,1.289259,1.016466,61.94022,53.456392
104,1.288105,1.015745,61.162719,52.87378
112,1.286963,1.015032,60.404459,52.304723
120,1.285827,1.014318,59.664306,51.747294
128,1.284693,1.013605,58.94474,51.203598
136,1.283568,1.012901,58.240845,50.671178
144,1.282447,1.012194,57.558707,50.150034
152,1.281318,1.011487,56.890764,49.639723
160,1.280199,1.010783,56.238395,49.139499
168,1.279083,1.010082,55.600553,48.649804
176,1.277961,1.009377,54.978611,48.171105
184,1.276826,1.008673,54.368991,47.700994
192,1.275714,1.007965,53.775448,47.24075
200,1.274591,1.007261,53.192172,46.788825
208,1.273474,1.006556,52.595747,46.325572
